{
  "python_version": "3.11.13 | packaged by Anaconda, Inc. | (main, Jun  5 2025, 13:03:15) [MSC v.1929 64 bit (AMD64)]",
  "runtime": "gil",
  "config": {
    "cpu_ms": 10,
    "io_ms": 50,
    "tasks": 500,
    "runs": 10
  },
  "results": {
    "1": {
      "tps_mean": 15.874338324451513,
      "tps_margin": 0.034081033048373705,
      "beta_mean": 0.7508406880920855,
      "beta_margin": 0.0004219941591330496,
      "p99_pooled": 78.38480011560023
    },
    "32": {
      "tps_mean": 61.08319724613872,
      "tps_margin": 0.6120198548581636,
      "beta_mean": 0.8660335487862054,
      "beta_margin": 0.0070913488605856365,
      "p99_pooled": 4296.797899994999
    },
    "256": {
      "tps_mean": 60.62250280917797,
      "tps_margin": 0.5834733629022989,
      "beta_mean": 0.8845648818067071,
      "beta_margin": 0.013233555205872632,
      "p99_pooled": 1890.874900156632
    },
    "1024": {
      "tps_mean": 60.14314323079379,
      "tps_margin": 0.8064190602642411,
      "beta_mean": 0.8923877560078286,
      "beta_margin": 0.01206510183684913,
      "p99_pooled": 2828.043600078672
    }
  }
}