{
  "python_version": "3.11.13 | packaged by Anaconda, Inc. | (main, Jun  5 2025, 13:03:15) [MSC v.1929 64 bit (AMD64)]",
  "runtime": "gil",
  "config": {
    "cpu_ms": 10,
    "io_ms": 50,
    "tasks": 500,
    "runs": 10
  },
  "results": {
    "1": {
      "tps_mean": 15.926075410212679,
      "tps_margin": 0.02199897646138641,
      "beta_mean": 0.7501598908499376,
      "beta_margin": 0.00029072121755358346,
      "p99_pooled": 77.69820000976324
    },
    "32": {
      "tps_mean": 63.01227022003097,
      "tps_margin": 0.17389074039884955,
      "beta_mean": 0.8802617128623347,
      "beta_margin": 0.008042615599905748,
      "p99_pooled": 2828.6742998752743
    },
    "256": {
      "tps_mean": 63.16827643739697,
      "tps_margin": 0.11593957573311824,
      "beta_mean": 0.8943346471138068,
      "beta_margin": 0.005313608266503004,
      "p99_pooled": 1172.606199979782
    },
    "1024": {
      "tps_mean": 63.187185506903965,
      "tps_margin": 0.13491236914655794,
      "beta_mean": 0.8937793415381984,
      "beta_margin": 0.003659697565874426,
      "p99_pooled": 1108.1736001651734
    }
  }
}