{
  "python_version": "3.11.13 | packaged by Anaconda, Inc. | (main, Jun  5 2025, 13:03:15) [MSC v.1929 64 bit (AMD64)]",
  "config": {
    "io_sleep_ms": 0.6,
    "tasks": 20000,
    "runs": 10
  },
  "single_core": {
    "1": {
      "tps_mean": 843.3262979380404,
      "tps_margin": 13.205039179154408,
      "avg_lat_mean": 1.0833349948667454,
      "avg_lat_margin": 0.013108822941463982,
      "p99_pooled": 1.6419000457972288
    },
    "4": {
      "tps_mean": 3587.3327480033536,
      "tps_margin": 19.552046526247555,
      "avg_lat_mean": 1.0848764171777292,
      "avg_lat_margin": 0.006550011927359069,
      "p99_pooled": 1.5382000710815191
    },
    "16": {
      "tps_mean": 13134.166407021643,
      "tps_margin": 300.0289667102343,
      "avg_lat_mean": 1.201326768876752,
      "avg_lat_margin": 0.028652804609808655,
      "p99_pooled": 1.7771001439541578
    },
    "64": {
      "tps_mean": 39609.573921936884,
      "tps_margin": 693.6748036495769,
      "avg_lat_mean": 1.5681025552470236,
      "avg_lat_margin": 0.02943282605794351,
      "p99_pooled": 18.820099998265505
    },
    "256": {
      "tps_mean": 63653.672779590175,
      "tps_margin": 2443.648651983717,
      "avg_lat_mean": 2.2478974624711556,
      "avg_lat_margin": 0.17170222427718543,
      "p99_pooled": 31.43369988538325
    }
  },
  "quad_core": {
    "1": {
      "tps_mean": 848.9864774077366,
      "tps_margin": 6.344807741423769,
      "avg_lat_mean": 1.0626342622807714,
      "avg_lat_margin": 0.01334519119598252,
      "p99_pooled": 1.5932999085634947
    },
    "4": {
      "tps_mean": 3649.717812975677,
      "tps_margin": 13.26311075426444,
      "avg_lat_mean": 1.0606291657453402,
      "avg_lat_margin": 0.0038846590028604453,
      "p99_pooled": 1.3802999164909124
    },
    "16": {
      "tps_mean": 13447.36835049072,
      "tps_margin": 73.5175990482679,
      "avg_lat_mean": 1.1668761880171952,
      "avg_lat_margin": 0.009132267235478041,
      "p99_pooled": 1.501699909567833
    },
    "64": {
      "tps_mean": 41220.034977603216,
      "tps_margin": 774.9422911818485,
      "avg_lat_mean": 1.4754673545260448,
      "avg_lat_margin": 0.03716605680010347,
      "p99_pooled": 16.39219978824258
    },
    "256": {
      "tps_mean": 53772.628007712454,
      "tps_margin": 3203.3372492664375,
      "avg_lat_mean": 1.982325459239073,
      "avg_lat_margin": 0.31747513675123856,
      "p99_pooled": 18.508699955418706
    }
  }
}