threads,tps,avg_lat
1,1283.2727886996129,0.7544173693000061
4,5336.874822269224,0.7401015105998979
16,19287.695882234995,0.8208618766999465
64,53876.62725395579,1.0918016567499023
256,72917.0152631694,1.3149190936001318
