{
  "python_version": "3.11.13 | packaged by Anaconda, Inc. | (main, Jun  5 2025, 13:03:15) [MSC v.1929 64 bit (AMD64)]",
  "config": {
    "cpu_iterations": 1000,
    "io_sleep_ms": 0.1,
    "tasks": 5000,
    "runs": 10
  },
  "results": {
    "ThreadPool": {
      "4": {
        "memory_mean": 83.21640625,
        "memory_margin": 0.7479504988177658,
        "overhead_mean": 0.000390625,
        "overhead_margin": 0.0008836551417398824,
        "tps_mean": 5562.552509916479,
        "tps_margin": 31.079145860903896
      },
      "32": {
        "memory_mean": 88.092578125,
        "memory_margin": 0.9679849976202057,
        "overhead_mean": 0.0,
        "overhead_margin": 0.0,
        "tps_mean": 14242.740254345255,
        "tps_margin": 424.15083279590255
      },
      "64": {
        "memory_mean": 89.28984375,
        "memory_margin": 0.2962282438583184,
        "overhead_mean": 0.0,
        "overhead_margin": 0.0,
        "tps_mean": 14306.525101680892,
        "tps_margin": 419.250202887982
      }
    },
    "ProcessPool": {
      "4": {
        "memory_mean": 90.580859375,
        "memory_margin": 0.598936054787335,
        "overhead_mean": 0.00859375,
        "overhead_margin": 0.013225339153807221,
        "tps_mean": 2668.66085911852,
        "tps_margin": 7.375395738428815
      },
      "8": {
        "memory_mean": 90.746484375,
        "memory_margin": 0.5002741264530288,
        "overhead_mean": 0.0,
        "overhead_margin": 0.0,
        "tps_mean": 2574.9378713550145,
        "tps_margin": 23.284919854211072
      },
      "16": {
        "memory_mean": 91.036328125,
        "memory_margin": 0.39792846409980137,
        "overhead_mean": 0.0,
        "overhead_margin": 0.0,
        "tps_mean": 2149.5773112132506,
        "tps_margin": 17.85929638776164
      }
    }
  }
}