threads,run,elapsed,tps,avg_lat,p50_lat,p95_lat,p99_lat
1,0,3.867212475999999,5171.683770705752,0.17502891634996764,0.1650610000041297,0.18396000000109325,0.2413160000003245
4,0,1.0745633549999951,18612.211096664552,0.19826479939999117,0.1661350000006223,0.26498900000149206,0.3894440000067334
16,0,0.6985174229999984,28632.070355673928,0.5275480980999724,0.4510619999962273,1.0464049999967528,1.6813570000024924
64,0,0.6652360140000013,30064.517823895145,1.771469767099981,1.69574899999958,4.768466999998111,6.931768999997701
256,0,0.7491323580000042,26697.55188975549,4.148281063649932,3.5648129999970024,14.25523100000703,20.262700999992944
